team_id,slug,rawscore,league_slug,league_balance_factor,ranking_raw_balanced,league_weight,rank
99566404853854212,bilibili-gaming,2.10677455533024,lpl,1,0.7590454007583713,1.5,1.138568101137557
99566404852189289,jd-gaming,1.8901425527557327,lpl,1,0.7406483451306501,1.5,1.1109725176959753
99566404579461230,kt-rolster,1.8728251282981976,lck,1,0.7391776962085707,1.5,1.108766544312856
98926509885559666,team-liquid,2.043614774660146,lcs,1,0.7536816780183633,1.4,1.0551543492257085
100205573495116443,geng,1.187525012732914,lck,1,0.6809799036483408,1.5,1.0214698554725112
103461966951059521,evil-geniuses,1.6342710783299605,lcs,1,0.7189189529235177,1.4,1.0064865340929248
99566404850008779,lng-esports,1.0119882520283352,lpl,1,0.6660727822950153,1.5,0.999109173442523
100725845018863243,dwg-kia,0.9306074821142327,lck,1,0.6591616771335256,1.5,0.9887425157002884
106972778172351142,nrg-esports,1.2198378414312236,lcs,1,0.683724008397349,1.4,0.9572136117562886
98767991954244555,gam-esports,1.7599616309024984,vcs,1,0.7295929810452894,1.3,0.9484708753588762
99294153824386385,golden-guardians,1.1249220386686072,lcs,1,0.6756634666370285,1.4,0.9459288532918398
104367068120825486,psg-talon,3.4609001648066657,pcs,0.8313472662878283,0.7266323528002369,1.3,0.9446220586403079
99566404854685458,top-esports,0.48728107126815157,lpl,1,0.6215130354524875,1.5,0.9322695531787313
98767991935149427,rainbow7,3.1434470456591037,lla,1,0.8470828155708436,1.1,0.9317910971279281
98767991892579754,royal-never-give-up,0.42781804568120246,lpl,1,0.6164632525186872,1.5,0.9246948787780307
107581284487120142,six-karma,2.9686993064343525,lla,1,0.83224270034719094,1.1,0.9154669703819102
98767991926151025,g2-esports,3.786847660119628,lec,0.7157853551872768,0.6454396695320151,1.4,0.9036155373448211
98767991877340524,cloud9,0.6989193905061635,lcs,1,0.6394860121397155,1.4,0.8952804169956016
100205573496804586,hanwha-life-esports,0.1166014761426375,lck,1,0.5900337846929427,1.5,0.885050677039414
98767991853197861,t1,0.09000564089026736,lck,1,0.5877751846025184,1.5,0.8816627769037777
99566404853058754,weibo-gaming,0.0770675659179973,lpl,1,0.5866764435017033,1.5,0.880014665252555
108573042084687884,team-whales,1.0908304113993617,vcs,1,0.6727683008450023,1.3,0.874598791098503
99566404845279652,lpl12,-0.0301209138434185,lpl,1,0.5775736682820383,1.5,0.8663605024230574
106269804045322803,mega-bank-beyond-gaming,2.393763627015423,pcs,0.8313472662878283,0.6512919096842303,1.3,0.8466794825894994
98767991882270868,edward-gaming,-0.2403761318532067,lpl,1,0.5597181488030344,1.5,0.8395772232045515
98767991887166787,lpl14,-0.26738515140988167,lpl,1,0.5574244598312793,1.5,0.8361366897469189
99566408221961358,red-kalunga,2.032866285566359,cblol-brazil,1,0.7527688832815638,1.1,0.8280457716097203
99566408217955692,pain-gaming,1.9896573826319868,cblol-brazil,1,0.7490994504117685,1.1,0.8240093954529454
104841890701948065,estral-esports,1.974322003350098,lla,1,0.747797122859199,1.1,0.8225768351451189
105397404796640412,loud,1.9081473001240188,cblol-brazil,1,0.7421773636272756,1.1,0.8163950999900033
99566408562477641,infinity,1.7951254434955186,lla,1,0.7325792001111178,1.1,0.8058371201222296
99566408217116828,intz,1.7600910226222533,cblol-brazil,1,0.7296039693879064,1.1,0.8025643663266971
109480056092207899,fluxo,1.753183579829458,cblol-brazil,1,0.7290173681111138,1.1,0.8019191049222253
99566404848691211,invictus-gaming,-0.6331631127984712,lpl,1,0.5263614708772538,1.5,0.7895422063158808
98767991866488695,fnatic,2.3897807981713814,lec,0.7157853551872768,0.5605165953366693,1.4,0.784723233471337
100725845022060229,liiv-sandbox,-0.6814922338706837,lck,1,0.5222572133426424,1.5,0.7833858200139636
107251245690956393,saigon-buffalo-esports,0.19114789876723995,vcs,1,0.5963644960724893,1.3,0.7752738448942361
107565493716773932,nativz,3.1819765037850978,nlc,1,0.8503548556019838,0.9,0.7653193700417854
99566408219409348,vivo-keyd,1.3392904888097632,cblol-brazil,1,0.6938682944335072,1.1,0.7632551238768579
98767991860392497,tsm,-0.46683402724090617,lcs,1,0.540486648150903,1.4,0.7566813074112642
101388912911039804,lpl15,-0.9160533718306079,lpl,1,0.5023375604203271,1.5,0.7535063406304906
98926509883054987,dignitas,-0.6063661456223545,lcs,1,0.5286371517089614,1.4,0.740092012392546
107251374793416561,cerberus-esports,-0.13410164420233237,vcs,1,0.568743305002882,1.3,0.7393662965037465
99566404585387054,drx,-1.0284982684392925,lck,1,0.4927883941227397,1.5,0.7391825911841096
107597875833524424,diamant-esports,2.8304963207271965,esports_balkan_league,1,0.8205060779379639,0.9,0.7384554701441676
99566406490127625,taipei-j-team,1.1908968581557045,pcs,0.8313472662878283,0.5663688354888843,1.3,0.7362794861355496
105553606349477427,zero-tenacity,2.7221876141006676,ultraliga,1,0.8113081696091172,0.9,0.7301773526482055
107251295460371069,team-secret,-0.23760416443679166,vcs,1,0.5599535527976057,1.3,0.7279396186368875
108404211655217274,partizan-esports,2.6247679196160365,esports_balkan_league,1,0.8030349896663109,0.9,0.7227314906996799
109637393694097670,team-heretics-lec,1.5409095168615725,lec,0.7157853551872768,0.508916517510443,1.4,0.7124831245146201
107450819235010833,bkrog-gamerorigin,2.4779057579146957,lfl,1,0.7905630034116591,0.9,0.7115067030704932
108203154514683518,t1-rookies,2.4749347729656397,lck_academy,1,0.7903106982363972,0.9,0.7112796284127575
105559480124455983,sk-gaming-prime,2.440005406174384,primeleague,1,0.787344389028787,0.9,0.7086099501259083
99294153828264740,100-thieves,-0.9286155751177321,lcs,1,0.5012707394985176,1.4,0.7017790352979246
107258254469504696,team-flash,-0.49386039155275485,vcs,1,0.5381914862092173,1.3,0.6996489320719825
101388912914513220,lpl17,-1.3487245511560257,lpl,1,0.4655937937562868,1.5,0.6983906906344302
107416483509696259,eintracht-spandau,2.3027999892251243,primeleague,1,0.7756924832252016,0.9,0.6981232349026815
107565477822627354,verdant,2.175114077991735,nlc,1,0.7648490031118281,0.9,0.6883641028006453
109642690191894407,ruddy-esports,2.058218860366197,nlc,1,0.7549219018723334,0.9,0.6794297116851001
105515219038427019,karmine-corp,2.0311352533206097,lfl,1,0.7526218787017234,0.9,0.677359690831551
107598699275015260,leviatan-esports,0.40231993873786226,lla,1,0.614297874890897,1.1,0.6757276623799868
99566404846951820,lgd-gaming,-1.550577129601093,lpl,1,0.4484518522604744,1.5,0.6726777783907116
101383793572656373,excel,1.0691258100492302,lec,0.7157853551872768,0.48023834624388834,1.4,0.6723336847414436
110418022381234710,spike-syndicate,1.912143282656717,esports_balkan_league,1,0.7425167147483832,0.9,0.6682650432735449
107700199633958891,ctbc-flying-oyster,0.3837381751255899,pcs,0.8313472662878283,0.5093829759565239,1.3,0.6621978687434812
99566404855553726,funplus-phoenix,-1.6430792482806542,lpl,1,0.44059628797262335,1.5,0.660894431958935
105549995617170853,kabum-academy,1.802933080822138,cblol_academy,1,0.7332422486750967,0.9,0.659918023807587
105550005698683818,liberty-academy,1.8001057308080708,cblol_academy,1,0.7330021414200758,0.9,0.6597019272780682
99566404856367466,lpl11,-1.656000189649436,lpl,1,0.43949900191008856,1.5,0.6592485028651328
109800832177252614,szaty-bobra,1.6844697950579812,ultraliga,1,0.7231819822687227,0.9,0.6508637840418504
105504044166670507,unicorns-of-love-sexy-edition,1.668582685806715,primeleague,1,0.7218328001110277,0.9,0.6496495200999249
105520796734358045,team-7am,1.656658545207689,elite_series,1,0.720820165434221,0.9,0.648738148890799
107467834753797729,bisons-eclub,1.5658979139321525,superliga,1,0.7131124936103921,0.9,0.6418012442493529
99566404847770461,lpl13,-1.8237870069960431,lpl,1,0.4252500295715617,1.5,0.6378750443573425
109642680932009857,nord-esports,1.491192357062594,nlc,1,0.7067682680615539,0.9,0.6360914412553985
107760667929003738,frank-esports,0.08218316534662111,pcs,0.8313472662878283,0.4880930217135332,1.3,0.6345209282275932
106827844148688268,sg-academy,1.453961192817977,ljl_academy,1,0.7036064831380293,0.9,0.6332458348242264
109480204628225868,los-grandes,-0.07117664652657855,cblol-brazil,1,0.574087089249242,1.1,0.6314957981741662
98767991930907107,immortals-progressive,-1.5200830788628172,lcs,1,0.45104150079383765,1.4,0.6314581011113727
107422385694193066,barca-esports,1.4170990928221603,superliga,1,0.7004760402850883,0.9,0.6304284362565794
102747101565183056,nongshim-redforce,-1.894032619827461,lck,1,0.4192845561811817,1.5,0.6289268342717725
107581765633427097,fuego,3.054708586583628,north_regional_league,0.8297442701568742,0.6966092072561562,0.9,0.6269482865305406
103461966965149786,mad-lions,0.5320060400873969,lec,0.7157853551872768,0.44758861177617204,1.4,0.6266240564866408
108203164850614211,ns-redforce-academy,1.3583972218820404,lck_academy,1,0.6954908969438349,0.9,0.6259418072494515
102787200136756173,berlin-international-gaming,1.326684820825914,primeleague,1,0.6927977823560328,0.9,0.6235180041204296
105550026570060790,dwg-kia-challengers,1.316175845759623,lck_challengers_league,1,0.6919053278867612,0.9,0.622714795098085
100205576309502431,furia,-0.17238506000965992,cblol-brazil,1,0.5654921596418251,1.1,0.6220413756060077
105505619546859895,fredit-brion,-1.9846976885897725,lck,1,0.41158499981975377,1.5,0.6173774997296306
110424394375218208,a-one-man-army,1.2393941721519899,elite_series,1,0.6853847921221373,0.9,0.6168463129099236
107128093558481418,zennit-gaming,1.2261553231070583,elite_series,1,0.6842605083624337,0.9,0.6158344575261904
103461966986776720,lpl16,-2.001647835063169,lpl,1,0.4101455412731715,1.5,0.6152183119097572
103935468920814040,gamersorigin,1.211712132492577,lfl,1,0.6830339482142624,0.9,0.6147305533928362
107467803833323099,team-heretics-sl,1.2048415553385952,superliga,1,0.6824504776808501,0.9,0.614205429912765
105550033967461806,drx-challengers,1.1543378032705272,lck_challengers_league,1,0.6781615437968301,0.9,0.6103453894171471
108203159356403647,kwangdong-freecs-academy,1.0954681270233115,lck_academy,1,0.6731621499130318,0.9,0.6058459349217287
105515345386578249,solary,1.0665846266675238,lfl,1,0.670709274269296,0.9,0.6036383468423665
98926509892121852,flyquest,-1.7565410260475418,lcs,1,0.43096076500099006,1.4,0.603345071001386
107416342401528388,forsaken,1.0547997209205313,ultraliga,1,0.669708463844159,0.9,0.6027376174597432
105520786527322647,krc-genk-esports,1.0464026881907733,elite_series,1,0.668995362010629,0.9,0.6020958258095661
109539776003058530,alior-bank-team,1.0359147850688415,ultraliga,1,0.6681046970356516,0.9,0.6012942273320864
106806773698472633,team-aze,-0.394527803129781,lla,1,0.5466271149858773,1.1,0.6012898264844652
107563714667537640,team-bds,0.14020351793385977,lec,0.7157853551872768,0.4237722322133726,1.4,0.5932811250987217
107467827374313054,finetwork-koi,0.8479723210514507,superliga,1,0.6521440452194466,0.9,0.586929640697502
105593951536470384,gtz-bulls,3.65112417857419,liga_portuguesa,0.7320695958220451,0.6516856590109242,0.9,0.5865170931098318
109539873500788632,exeed,0.8277863354749246,ultraliga,1,0.6504297892686252,0.9,0.5853868103417627
102787200120306562,mousesports,0.8023764339618612,primeleague,1,0.6482719023171347,0.9,0.5834447120854213
105549998884468136,pain-academy,0.7801235387713097,cblol_academy,1,0.6463821180478063,0.9,0.5817439062430257
102787200126663579,giants,0.7697783425417826,superliga,1,0.6455035721808408,0.9,0.5809532149627566
102787200151698443,vitalitybee,0.743372740429468,lfl,1,0.6432611272734838,0.9,0.5789350145461355
106827832203113865,shg-academy,0.7287869897568663,ljl_academy,1,0.6420224604869197,0.9,0.5778202144382277
109828279319224248,mgn-box-esports,-1.6252529601442618,vcs,1,0.44211015116265784,1.3,0.5747431965114552
101383793567806688,sk-gaming,-0.09013892172116436,lec,0.7157853551872768,0.4097704770891535,1.4,0.5736786679248148
105550001032913831,red-academy,0.6207340802857967,cblol_academy,1,0.632846275238885,0.9,0.5695616477149965
107700204561086446,deep-cross-gaming,-0.6832828225614529,pcs,0.8313472662878283,0.4340506900372207,1.3,0.5642658970483869
109695910533747910,raad,3.0206259768579673,arabian_league,0.7412746807781349,0.620189294720995,0.9,0.5581703652488955
99566408358330419,isurus,-0.8571279444707949,lla,1,0.5073416888599969,1.1,0.5580758577459966
109485335453835911,vivo-keyd-stars-academy,0.459343179092332,cblol_academy,1,0.6191404637623787,0.9,0.5572264173861409
105532791598779236,ucam-esports-club,0.44766282540367336,superliga,1,0.6181485322194489,0.9,0.556333678997504
110506938087991033,fl-academy,0.44720719656567587,ljl_academy,1,0.6181098388178341,0.9,0.5562988549360507
107581759470356115,saprissa-esports,1.8495179803129314,north_regional_league,0.8297442701568742,0.6116861330608103,0.9,0.5505175197547293
107597870621708485,cyber-wolves-esports,0.34797469569626593,esports_balkan_league,1,0.6096827097839115,0.9,0.5487144388055204
104710682193583854,topo-centras-iron-wolves,0.31048586021689173,ultraliga,1,0.6064990426269994,0.9,0.5458491383642995
99566404581868574,kwangdong-freecs,-2.548425974480114,lck,1,0.36371146077107314,1.5,0.5455671911566097
109692074894483834,sem9-wpe,-0.9351492692605504,pcs,0.8313472662878283,0.41626877645038024,1.3,0.5411494093854944
105550054006182911,ns-challengers,0.24553407253971202,lck_challengers_league,1,0.60098313714297,0.9,0.5408848234286731
106827827857159558,v3-academy,0.2142528510596121,ljl_academy,1,0.5983266396502944,0.9,0.538493975685265
107582178455767077,pirate-dream,1.6174856847282983,north_regional_league,0.8297442701568742,0.5953361086322061,0.9,0.5358024977689855
105521408363571548,illuminar-gaming,0.1790141630269349,ultraliga,1,0.5953340619319487,0.9,0.5358006557387539
103877625775457850,movistar-riders,0.17753004482438917,superliga,1,0.5952080260517193,0.9,0.5356872234465474
105550047979361273,hle-challengers,0.171559744256449,lck_challengers_league,1,0.5947010097736195,0.9,0.5352309087962576
106827839261303409,cga-academy,0.1561780363907137,ljl_academy,1,0.5933947478552866,0.9,0.534055273069758
107581689894520368,bandits,1.574994248559,north_regional_league,0.8297442701568742,0.5923419736234391,0.9,0.5331077762610952
101383793574360315,rogue,-0.6068005115358907,lec,0.7157853551872768,0.3783643277338289,1.4,0.5297100588273604
107564167676290839,rebels-gaming,0.08520038091560986,superliga,1,0.5873671071531626,0.9,0.5286303964378464
105550049871017396,kt-challengers,0.07720322976499919,lck_challengers_league,1,0.5866879644926479,0.9,0.5280191680433831
107565448721890834,domino-esports,0.04247842543739409,nlc,1,0.5837390273583158,0.9,0.5253651246224843
107575082591536093,entropiq,3.544386585841614,hitpoint_masters,0.6505534589908389,0.5732233623638275,0.9,0.5159010261274448
105520822049210915,mcon-lg-ultragear,-0.08583291325250803,elite_series,1,0.5728424340226491,0.9,0.5155581906203842
105594135137147298,white-dragons,2.285133833247672,liga_portuguesa,0.7320695958220451,0.5667625848155784,0.9,0.5100863263340206
109523293035238887,aegis,-0.17808472238295173,lfl,1,0.5650081267912096,0.9,0.5085073141120886
109692071893352727,hell-pigs,-1.29967390985562,pcs,0.8313472662878283,0.39053313065759404,1.3,0.5076930698548723
105503948999800557,e-wie-einfach-e-sports,-0.21940770034312201,primeleague,1,0.5614988524679254,0.9,0.5053489672211329
105549997263803379,loud-academy,-0.23805015688195189,cblol_academy,1,0.5599156777480948,0.9,0.5039241099732853
107582157086477662,descuydado-esports,1.1141207874879746,north_regional_league,0.8297442701568742,0.5598667859431182,0.9,0.5038801073488064
107179740624168899,heet,-0.341657956185305,elite_series,1,0.5511169849206397,0.9,0.4960052864285757
99322214689444546,schalke-04,-0.3539725431353987,primeleague,1,0.5500711923393918,0.9,0.49506407310545264
107582184905264520,waia-snikt,0.968544872171509,north_regional_league,0.8297442701568742,0.5496088614346204,0.9,0.4946479752911584
105550042327365041,gen-challengers,-0.37068546933402036,lck_challengers_league,1,0.5486518792678049,0.9,0.49378669134102443
108403526900459473,uniq,-0.4864993941489651,nlc,1,0.5388166047378912,0.9,0.48493494426410205
109696092218588987,nigma-galaxy,1.6715983816482205,arabian_league,0.7412746807781349,0.5352662205256492,0.9,0.4817395984730843
99566405124618295,tl-academy,2.5258435530209944,north_american_challenger_league,0.6694073092589535,0.5319338267581769,0.9,0.4787404440823592
108203161924300737,drx-academy,-0.61311213097502,lck_academy,1,0.5280642618943363,0.9,0.4752578357049027
102787200132955066,for-the-win-esports,1.654936203602772,liga_portuguesa,0.7320695958220451,0.5275834498801316,0.9,0.4748251048921185
107581750701049485,janus-esports,0.5770686725451319,north_regional_league,0.8297442701568742,0.5220237125182541,0.9,0.46982134126642866
107251231972989211,sbtc-esports,-2.5819836121139006,vcs,1,0.36086164302047846,1.3,0.469120135926622
105550036134585264,bro-challengers,-0.8079452312966917,lck_challengers_league,1,0.5115184360600097,0.9,0.46036659245400874
105514907449611976,team-bds-academy,-0.8187789526954196,lfl,1,0.5105984031338539,0.9,0.45953856282046845
109674814051390025,primate,2.4932529349396755,south_regional_league,0.6444623503330893,0.5103280380277195,0.9,0.4592952342249476
105550059790656435,t1-challengers,-0.8407232113535235,lck_challengers_league,1,0.5087348292276698,0.9,0.4578613463049028
108203169709977541,fredit-brion-academy,-0.8923547686013056,lck_academy,1,0.5043501186606951,0.9,0.4539151067946256
109485342651298305,fluxo-academy,-0.8941215671991186,cblol_academy,1,0.5042000766922848,0.9,0.45378006902305634
106827765448944398,dfm-academy,-0.9156946592394883,ljl_academy,1,0.5023680233963175,0.9,0.45213122105668574
109696073114910519,anubis-gaming,1.1293206867633385,arabian_league,0.7412746807781349,0.5011291212693291,0.9,0.45101620914239615
109696126554266494,geekay-esports,1.0739026163068757,arabian_league,0.7412746807781349,0.4976404803209536,0.9,0.44787643228885826
106827823550343961,axz-academy,-0.9915434481878264,ljl_academy,1,0.4959267110648306,0.9,0.44633403995834753
103877589042434434,gamerlegion,-1.0317979848602075,primeleague,1,0.49250817206030273,0.9,0.4432573548542725
105549991104165282,furia-academy,-1.048186309076331,cblol_academy,1,0.4911164251869595,0.9,0.4420047826682636
102787200129022886,esuba,2.0072338950370265,hitpoint_masters,0.6505534589908389,0.48830028816848164,0.9,0.4394702593516335
107423083507599175,vanir,-1.082861193805492,nlc,1,0.4881717273783899,0.9,0.4393545546405509
103877675241047720,ldlc-ol,-1.0913213401983468,lfl,1,0.487453265738566,0.9,0.4387079391647094
107564135791716115,guasones,-1.0918656787307413,superliga,1,0.4874070388369921,0.9,0.4386663349532929
109539675734129088,northern-lions-esports,-1.1260879032148248,elite_series,1,0.4845007823280005,0.9,0.4360507040952004
107581212180071788,peek-gaming,-0.033014478453383,north_regional_league,0.8297442701568742,0.47903454845739496,0.9,0.43113109361165547
110424397251619481,myth-esports,-1.2536561329353684,elite_series,1,0.47366729609047387,0.9,0.4263005664814265
107581296208168309,tomorrow-esports,-0.11156146194192222,north_regional_league,0.8297442701568742,0.4734997797063684,0.9,0.4261498017357316
110425157952111645,fourth-wall,-1.3200429979731958,nlc,1,0.46802951942527,0.9,0.421226567482743
102787200124959636,crvena-zvezda-esports,-1.353523490746046,esports_balkan_league,1,0.4651862530534244,0.9,0.41866762774808197
109696047948627764,gng-esports,0.5010378209947606,arabian_league,0.7412746807781349,0.4615778825735529,0.9,0.41542009431619764
107581300297680248,zylant-esports,4.944102354926473,NA,0.4594212863182647,0.4594212863182647,0.9,0.4134791576864382
106827848618374543,bc-academy,-1.424406131775843,ljl_academy,1,0.45916668127008897,0.9,0.4132500131430801
108203173414485265,hle-academy,-1.5178688166178138,lck_academy,1,0.451229542750758,0.9,0.4061065884756822
102787200149928963,we-love-gaming,4.005152989569666,greek_legends,0.4858275069092817,0.4470883664665817,0.9,0.40237952981992353
110428362822825796,disguised,1.0319847526039228,north_american_challenger_league,0.6694073092589535,0.447010752562831,0.9,0.40230967730654793
107456355516438414,eintracht-frankfurt,-1.5684680413691492,primeleague,1,0.4469325010329734,0.9,0.40223925092967605
106382545123328648,dynamo-eclot,1.221340980037988,hitpoint_masters,0.6505534589908389,0.4448820625560825,0.9,0.40039385630047425
106857734387052095,aoe-esports,0.9404885978152595,north_american_challenger_league,0.6694073092589535,0.44180936757280576,0.9,0.3976284308155252
104710678170825211,sinners-esports,1.1635180717022853,hitpoint_masters,0.6505534589908389,0.44168752035857756,0.9,0.3975187683227198
107574959289974368,odivelas-sports-club,0.22850924773016765,liga_portuguesa,0.7320695958220451,0.4389030557453878,0.9,0.395012750170849
105549993449477104,intz-academy,-1.6687265353230702,cblol_academy,1,0.438418241512211,0.9,0.3945764173609899
105536918475957734,macko-esports,4.869349143808666,pg_nationals,0.44106547311563005,0.43826546930455373,0.9,0.3944389223740984
109675484017801229,team-bliss,4.264661630979399,lco,0.45939914869594295,0.4328917282282551,0.9,0.3896025554054296
101383792559569368,all-knights,-2.666498848059387,lla,1,0.3536843493676428,1.1,0.38905278430440715
105521412995449549,team-esca-gaming,-1.7411087033242656,ultraliga,1,0.4322713252886254,0.9,0.3890441927597629
105550051809743868,lsb-challengers,-1.7455784317687246,lck_challengers_league,1,0.43189174220830356,0.9,0.3887025679874732
99566405126602853,fly-academy,0.7001990173309519,north_american_challenger_league,0.6694073092589535,0.42814935508291035,0.9,0.38533441957461934
99566408356697119,furious-gaming,0.9415719104653183,south_regional_league,0.6444623503330893,0.42540496383237364,0.9,0.38286446744913627
108361552741927561,cincinnati-fear,0.6418838000285353,north_american_challenger_league,0.6694073092589535,0.4248342442275147,0.9,0.38235081980476326
99566408222831088,liberty,-2.7507420695298728,cblol-brazil,1,0.3465301560202497,1.1,0.3811831716222747
109485351596724390,los-grandes-academy,-1.880976230599599,cblol_academy,1,0.4203933448923027,0.9,0.3783540104030724
108203166973601408,liiv-sandbox-academy,-1.9010177281148866,lck_academy,1,0.41869135931182616,0.9,0.37682222338064353
105913238372341488,wildcard-gaming,0.5266448832224784,north_american_challenger_league,0.6694073092589535,0.41828312769670223,0.9,0.37645481492703203
101383793569248484,astralis,-2.421583622868468,lec,0.7157853551872768,0.26804966419851534,1.4,0.37526952987792145
106806779752531762,globant-emerald-team,0.762760999390184,south_regional_league,0.6444623503330893,0.4156186920222153,0.9,0.37405682281999375
104270958001747936,one-breath-gaming,4.632623988709482,lcl,0.4265151212702022,0.4152330710643778,0.9,0.37370976395794003
99566406332987990,the-chiefs,3.757221632301237,lco,0.45939914869594295,0.4130946731901871,0.9,0.3717852058711684
109676337359108345,eclipse-gaming,0.6593940219286679,south_regional_league,0.6444623503330893,0.40996144587570993,0.9,0.3689653012881389
107598805167594304,wap-esports,0.6335672599770197,south_regional_league,0.6444623503330893,0.40854795432245194,0.9,0.36769315889020676
105550024238752685,kwangdong-freecs-challengers,-2.0382528971422254,lck_challengers_league,1,0.40703692687030657,0.9,0.3663332341832759
105521419784127190,komilfriends,-2.057417395559939,ultraliga,1,0.4054094187492625,0.9,0.36486847687433627
105514967858969605,gameward,-2.136917751215077,lfl,1,0.39865800414740477,0.9,0.3587922037326643
103461966971048042,eg-academy,0.1383686624387934,north_american_challenger_league,0.6694073092589535,0.3962103519452755,0.9,0.35658931675074795
109697689430777005,ankora-gaming,-2.2373936924511013,esports_balkan_league,1,0.39012527833497074,0.9,0.35111275050147367
105515109012592449,izidream,-2.2442307923416793,lfl,1,0.38954465079368217,0.9,0.35059018571431394
105521706535388095,anorthosis-famagusta-esports,2.5191849125655534,greek_legends,0.4858275069092817,0.38578034693716223,0.9,0.347202312243446
99322214695067838,team-vitality,-2.766852885104104,lec,0.7157853551872768,0.2470618876125616,1.4,0.34588664265758623
107467794614674479,fnatictq,-2.3350712743584894,superliga,1,0.38183019779942756,0.9,0.3436471780194848
107599485973747723,grypciocraft-esports,-2.3815169814980157,ultraliga,1,0.3778858855659623,0.9,0.3400972970093661
102141671183409133,maryville-university,-0.22046102156748038,north_american_challenger_league,0.6694073092589535,0.37581155664424065,0.9,0.3382304009798166
103535282143744679,dark-passage-akademi,2.7674509245718752,NA,0.4594212863182647,0.37449821212291867,0.9,0.3370483909106268
107598788926820994,pampas,2.702879050904795,NA,0.4594212863182647,0.371978910253134,0.9,0.3347810192278206
99566408221114231,kabum-esports,-3.305332256268208,cblol-brazil,1,0.2994326524438594,1.1,0.32937591768824537
107599040773840060,meta-gaming,-0.24155022612654545,south_regional_league,0.6444623503330893,0.36065301584616727,0.9,0.32458771426155053
109696115986547257,fox-gaming,-1.1297904289715663,arabian_league,0.7412746807781349,0.35891508385576737,0.9,0.3230235754701906
107599089191671351,santiago-wanderers,2.3655693098186847,NA,0.4594212863182647,0.3588186128487847,0.9,0.3229367515639062
103535282158162659,fastpay-wildcats-akademi,2.312797376967141,NA,0.4594212863182647,0.3567596911921126,0.9,0.32108372207290137
108517492697602721,dewish-team,-3.3596111159183826,pcs,0.8313472662878283,0.24510039885633575,1.3,0.3186305185132365
107456994699991548,atleta-esport,2.6021120532784825,pg_nationals,0.44106547311563005,0.3533423951092079,0.9,0.3180081555982871
103878020539746273,egn-esports,-1.2283482643188721,liga_portuguesa,0.7320695958220451,0.34833080608705347,0.9,0.31349772547834814
104843437139220481,undead-bk,-0.4763084021851086,south_regional_league,0.6444623503330893,0.3478047656652778,0.9,0.31302428909875
99566405130451785,c9-academy,1.9534557521895204,NA,0.4594212863182647,0.3427398095349496,0.9,0.30846582858145466
107598712583969458,ebro-gaming,-0.5828214625056952,south_regional_league,0.6444623503330893,0.34197533527223506,0.9,0.30777780174501157
108352305932141947,dsyre,2.2942667917647115,pg_nationals,0.44106547311563005,0.3418115472356376,0.9,0.30763039251207386
107598683861013570,boca-juniors-gaming,1.8810881215459507,NA,0.4594212863182647,0.3399163525584304,0.9,0.30592471730258736
107598878262940546,malvinas-gaming,-0.6381082121208388,south_regional_league,0.6444623503330893,0.3389495067253036,0.9,0.30505455605277326
102235771678061291,fastpay-wildcats,3.1148008758241827,turkiye-sampiyonluk-ligi,0.39255928014865543,0.3315752331782615,0.9,0.29841770986043537
100285330168091787,detonation-focusme,4.0864882418665855,ljl-japan,0.29210589116322855,0.27083146070921366,1.1,0.29791460678013504
106421708401759879,black-star-gaming,2.288041229200497,lcl,0.4265151212702022,0.33030999686903184,0.9,0.2972789971821287
105536738266035235,cyberground-gaming,1.985243566131334,pg_nationals,0.44106547311563005,0.3302365767889378,0.9,0.29721291911004405
106371141659311452,valiance-pro-game,-2.9484778852834426,esports_balkan_league,1,0.3297378226679321,0.9,0.2967640404011389
107598764318774383,kru-esports,1.613733211916627,NA,0.4594212863182647,0.32948537564117436,0.9,0.29653683807705694
98767991921462763,dire-wolves,1.5804653130119775,lco,0.45939914869594295,0.3281715989948411,0.9,0.295354439095357
99322214684939974,unicorns-of-love,2.1903845155471813,lcl,0.4265151212702022,0.32677277545698363,0.9,0.29409549791128525
109631326144414089,19-esports,1.5115056542928986,NA,0.4594212863182647,0.32549691963952854,0.9,0.2929472276755757
107598785733448849,river-plate-gaming,1.506226589667638,NA,0.4594212863182647,0.32529095446265127,0.9,0.29276185901638613
107693836459380354,sampi,-0.9570803244335724,hitpoint_masters,0.6505534589908389,0.3245308214757137,0.9,0.29207773932814235
106269859169658575,impunity-esports,-3.6665583827307042,pcs,0.8313472662878283,0.22342974821705333,1.3,0.29045867268216935
108361575122450254,team-fish-taco,-1.165636777564157,north_american_challenger_league,0.6694073092589535,0.32208008561649815,0.9,0.28987207705484835
105593182576105603,brute,-1.0301490423644712,hitpoint_masters,0.6505534589908389,0.32049399404059625,0.9,0.28844459463653666
99566405128626825,100-academy,1.3098431339848369,NA,0.4594212863182647,0.3176289620346896,0.9,0.28586606583122065
103461966981927044,dig-academy,1.2688958971906297,NA,0.4594212863182647,0.31603138642847395,0.9,0.2844282477856266
110425005562048945,keypulse-esports,-1.7723776288349973,liga_portuguesa,0.7320695958220451,0.31450871777924316,0.9,0.28305784600131884
108439036582886702,byteway-esports,-1.8167926746918504,liga_portuguesa,0.7320695958220451,0.3117474521175963,0.9,0.2805727069058367
103535282140533402,besiktas-akademi,1.1049163076819797,NA,0.4594212863182647,0.3096336460038177,0.9,0.27867028140343597
100289931264192378,team-spirit,1.6448864417037912,lcl,0.4265151212702022,0.3070143032040689,0.9,0.276312872883662
107582173169864040,geekside-esports,0.9691344985695312,NA,0.4594212863182647,0.30433605517745543,0.9,0.2739024496597099
105521674055625312,gamespace-mediterranean-college-esports,0.46084118814006647,greek_legends,0.4858275069092817,0.30085727274181634,0.9,0.2707715454676347
107599144012469862,maze-gaming,0.8057062491493013,NA,0.4594212863182647,0.2979598255443678,0.9,0.268163842989931
103963715924353674,dragon-army,1.2862365337876067,lcl,0.4265151212702022,0.29402365375201095,0.9,0.26462128837680987
105537947396116202,nasr-esports-akademi,0.6647973084258163,NA,0.4594212863182647,0.29246219727878064,0.9,0.2632159775509026
106857761435870473,supernova,-1.8066828914486353,north_american_challenger_league,0.6694073092589535,0.2856378149836575,0.9,0.25707403348529173
99566405123587075,clg-academy,0.39495723599710386,NA,0.4594212863182647,0.2819342605718877,0.9,0.2537408345146989
103535282138043022,fenerbahce-espor-akademi,0.3003992076850596,NA,0.4594212863182647,0.27824503484556135,0.9,0.2504205313610052
107456352597333899,noneedorga,-3.564146070451847,primeleague,1,0.2774533876991617,0.9,0.24970804892924556
109631610813971977,mezexis-esports,0.25035622786387046,NA,0.4594212863182647,0.2762925845684774,0.9,0.24866332611162964
103535282135552642,papara-supermassive-blaze-akademi,0.2162863850617583,NA,0.4594212863182647,0.2749633337073801,0.9,0.24746700033664207
107599061926073885,newstar,0.21387396938292141,NA,0.4594212863182647,0.27486921218069604,0.9,0.24738229096262646
107598780504331406,maycam-evolve,0.07655715184159004,NA,0.4594212863182647,0.26951173228212016,0.9,0.24256055905390816
101383792887446028,mammoth,0.0338936518001966,lco,0.45939914869594295,0.26783428940733917,0.9,0.24105086046660526
103461966975897718,imt-academy,-0.0069831987850870695,NA,0.4594212863182647,0.2662523664067954,0.9,0.23962712976611586
109672446077514083,the-kings-moon,-0.02942257295090081,NA,0.4594212863182647,0.26537688372242735,0.9,0.2388391953501846
109671413728531527,pentagon-rejects,-0.531170471301691,greek_legends,0.4858275069092817,0.25992889000489783,0.9,0.23393600100440806
104251016988118464,galatasaray-espor-akademi,-0.18400503385082168,NA,0.4594212863182647,0.2593457766681552,0.9,0.23341119900133972
103535282124208038,pentanetgg,-0.19691486108932688,lco,0.45939914869594295,0.2588296211808863,0.9,0.23294665906279768
107179722233063345,cryptova,-2.355191723817028,hitpoint_masters,0.6505534589908389,0.24728936146105981,0.9,0.22256042531495385
110492173877838150,eternal-fire,0.5674149125594314,turkiye-sampiyonluk-ligi,0.39255928014865543,0.2466521589829155,0.9,0.22198694308462397
107598651997213225,9z-gaming,-0.5376333806886306,NA,0.4594212863182647,0.24554880122354192,0.9,0.22099392110118773
105594163014588871,boavista-fc,-2.9025734126199865,liga_portuguesa,0.7320695958220451,0.24424489729909374,0.9,0.21982040756918436
108319257932089006,osaka,-3.3975255660787123,north_regional_league,0.8297442701568742,0.2419561782487132,0.9,0.2177605604238419
109696138543579708,ebl-esports,-3.009785743136084,arabian_league,0.7412746807781349,0.24056688837139492,0.9,0.21651019953425543
105536643047197642,nasr-esports,0.19060500481065973,turkiye-sampiyonluk-ligi,0.39255928014865543,0.23409031864354304,0.9,0.21068128677918874
107598982142057588,cruzados-esports,-0.9486748932294458,NA,0.4594212863182647,0.22951182425052968,0.9,0.20656064182547673
105521293297166647,zerolag-esports,-1.270756384709628,greek_legends,0.4858275069092817,0.22941507996779845,0.9,0.2064735719710186
109668849651338559,fennel,0.6630721785417936,ljl-japan,0.29210589116322855,0.18590838651386773,1.1,0.2044992251652545
109669678317817381,fut-team,-0.07398263219389664,turkiye-sampiyonluk-ligi,0.39255928014865543,0.22526967039764004,0.9,0.20274270335787603
109697683685398040,magaza,-4.199336879081843,esports_balkan_league,1,0.22351103152967486,0.9,0.20115992837670738
99566405129589291,gg-academy,-1.1073346665406467,NA,0.4594212863182647,0.2233216389444107,0.9,0.20098947504996964
103535282119620510,fukuoka-softbank-hawks-gaming,0.5205572868854154,ljl-japan,0.29210589116322855,0.1823730865403313,1.1,0.20061039519436444
103535282146169523,info-yatrm-aurora-akademi,-1.2181560868282446,NA,0.4594212863182647,0.21899788936913575,0.9,0.19709810043222217
109631614501223948,war-legion-esports,-1.2609393617928641,NA,0.4594212863182647,0.2173286798744633,0.9,0.19559581188701697
105521637552587612,team-phantasma,-1.6545261744386714,greek_legends,0.4858275069092817,0.21358151925568347,0.9,0.19222336733011514
107067065368380132,wild-panther-esports,-1.6626387619778522,greek_legends,0.4858275069092817,0.2132468103995626,0.9,0.19192212935960634
109698026697016325,barcelona-bg,-1.4475078381977187,NA,0.4594212863182647,0.21004962345629308,0.9,0.1890446611106638
108078422885368642,panathinaikos-esports,-1.8785257179793873,greek_legends,0.4858275069092817,0.20433975383521594,0.9,0.18390577845169434
107581206998502078,atheris-esports,-1.7213914513104167,NA,0.4594212863182647,0.1993639261172984,0.9,0.17942753350556856
107582641798795198,spectacled-bears,-3.2560593698033253,south_regional_league,0.6444623503330893,0.195669762437024,0.9,0.1761027861933216
103495716886587312,besiktas,-0.9895292116125427,turkiye-sampiyonluk-ligi,0.39255928014865543,0.19474778199341153,0.9,0.17527300379407038
99566406064558732,papara-supermassive-blaze,-0.9936367359221133,turkiye-sampiyonluk-ligi,0.39255928014865543,0.19461084805535458,0.9,0.17514976324981912
101428372603715124,crest-gaming-act,-0.4850283609210487,ljl-japan,0.29210589116322855,0.15742799573080055,1.1,0.1731707953038806
99566406065437842,dark-passage,-1.0942262859038145,turkiye-sampiyonluk-ligi,0.39255928014865543,0.19125745993923868,0.9,0.17213171394531482
101428372605353526,sengoku-gaming,-0.6273336670934273,ljl-japan,0.29210589116322855,0.15389789484591673,1.1,0.16928768433050842
105537149834356301,anc-outplayed,-1.8732102732878326,pg_nationals,0.44106547311563005,0.1857118761950151,0.9,0.16714068857551362
99566405127798575,tsm-academy,-2.1248253860191255,NA,0.4594212863182647,0.1836237623536375,0.9,0.16526138611827376
105537226118106446,axolotl,-1.959035590497225,pg_nationals,0.44106547311563005,0.18249714853743784,0.9,0.16424743368369407
107648168744912288,dren-esports,-1.9918123444547169,pg_nationals,0.44106547311563005,0.18126944159852051,0.9,0.16314249743866846
105593161016793151,inside-games,-3.5933515230889257,hitpoint_masters,0.6505534589908389,0.17888474744433228,0.9,0.16099627269989905
108319669531442279,aguilas-doradas,-2.3113572504546536,NA,0.4594212863182647,0.17634613436858437,0.9,0.15871152093172594
110383487456480967,vertex-esc,-2.326882439620556,lco,0.45939914869594295,0.17573194364004438,0.9,0.15815874927603996
109695924147263860,triple-esports,-4.040219290536411,arabian_league,0.7412746807781349,0.17569973153191917,0.9,0.15812975837872725
103535282148790975,galakticos-akademi,-2.3295786732318016,NA,0.4594212863182647,0.17563521703158275,0.9,0.15807169532842447
109698030312834058,genbu-gaming,-2.35271265219286,NA,0.4594212863182647,0.17473263401606356,0.9,0.15725937061445722
101428372607057464,axiz,-1.2079888723543686,ljl-japan,0.29210589116322855,0.13949385392125088,1.1,0.15344323931337597
99566406066182955,galakticos,-1.8122877100197368,turkiye-sampiyonluk-ligi,0.39255928014865543,0.16731920147491874,0.9,0.15058728132742688
109675490370327425,ground-zero,-2.8206260388816413,lco,0.45939914869594295,0.15646923428578047,0.9,0.14082231085720243
109749493607708438,enemi3s,-2.6690139703865365,pg_nationals,0.44106547311563005,0.1559037468661852,0.9,0.1403133721795667
107599174108436104,rebirth-esports,-2.938994225835474,NA,0.4594212863182647,0.1518585840494574,0.9,0.13667272564451166
101428372598668846,burning-core,-1.9771900269091538,ljl-japan,0.29210589116322855,0.12041264219848975,1.1,0.13245390641833873
107582181197106556,skull-cracker-clan,-3.284449587622426,NA,0.4594212863182647,0.13838048144143714,0.9,0.12454243329729342
103535282113853330,5-ronin-akademi,-3.576224046205189,NA,0.4594212863182647,0.12699676439378182,0.9,0.11429708795440364
109674808371974726,newells-esports,-3.744338229509582,NA,0.4594212863182647,0.12043771085725709,0.9,0.10839393977153138
107437032053655867,kanga-esports,-4.009469768352649,lco,0.45939914869594295,0.11008817483972216,0.9,0.09907935735574995
103963753080578719,crowcrowd-moscow,-3.952001263225595,lcl,0.4265151212702022,0.1042895719481424,0.9,0.09386061475332816
107598704067400262,stone-movistar,-4.740753854394219,NA,0.4594212863182647,0.08156208894488925,0.9,0.07340588005040033
109631541326560210,reven-esports,-4.97464289086947,NA,0.4594212863182647,0.07243679873026362,0.9,0.06519311885723726
101428372602011186,v3-esports,-4.503058867028275,ljl-japan,0.29210589116322855,0.05775460036269151,1.1,0.06353006039896067
101978171843206569,vega-squadron,-5.550049186512635,lcl,0.4265151212702022,0.04640671760801873,0.9,0.04176604584721686
107581761958954646,vandals-esports,-5.955825764878971,NA,0.4594212863182647,0.03415548972198704,0.9,0.030739940749788332
105663527959374033,ctrl-play-team,-6.831260342139001,lcl,0.4265151212702022,0,0.9,0
